{"cameraMode":{"drawMode":0,"name":"Shaded","section":"Shading Mode"},"sceneLighting":true,"audioPlay":false,"sceneViewState":{"showFog":true,"showMaterialUpdate":false,"showSkybox":true,"showFlares":true,"showImageEffects":true,"showParticleSystems":true},"in2DMode":false,"pivot":{"x":9.838788986206055,"y":19.702783584594728,"z":-7.747880935668945},"rotation":{"x":-0.09733704477548599,"y":-0.014024283736944199,"z":0.0013702468713745475,"w":-0.9951663017272949},"size":18.935232162475587,"orthographic":false}