{"cameraMode":{"drawMode":0,"name":"Shaded","section":"Shading Mode"},"sceneLighting":false,"audioPlay":false,"sceneViewState":{"showFog":true,"showMaterialUpdate":false,"showSkybox":false,"showFlares":true,"showImageEffects":true,"showParticleSystems":true},"in2DMode":false,"pivot":{"x":-0.0000152587890625,"y":-0.00000762939453125,"z":0.0},"rotation":{"x":-0.05426795408129692,"y":0.02635941281914711,"z":-0.0014446903951466084,"w":-0.9982436895370483},"size":631.198486328125,"orthographic":true}