{"cameraMode":{"drawMode":0,"name":"Shaded","section":"Shading Mode"},"sceneLighting":false,"audioPlay":false,"sceneViewState":{"showFog":true,"showMaterialUpdate":false,"showSkybox":false,"showFlares":true,"showImageEffects":true,"showParticleSystems":true},"in2DMode":false,"pivot":{"x":-2.2967374324798586,"y":3.300967216491699,"z":0.6362037658691406},"rotation":{"x":-0.05381864309310913,"y":0.07572627812623978,"z":-0.004094363655894995,"w":-0.9956807494163513},"size":71.40013122558594,"orthographic":false}